Source Name,Submission URL,Domain Authority,Category,Date Submitted,Status,Follow/NoFollow,Link Type,Referral Traffic,Notes
TopAI.tools,https://topai.tools/submit,38,AI Tools,,,DoFollow,Directory,,100% FREE - High engagement - Do first!
FutureTools,https://www.futuretools.io/submit-a-tool,55,AI Tools,,,DoFollow,Directory,,100% FREE but very selective (~30% approval)
AI Tool Hunt,https://www.aitoolhunt.com/submit,42,AI Tools,,,DoFollow,Directory,,100% FREE - Fast approval 3-5 days
Dofollow.Tools,https://dofollow.tools/submit,25,AI Tools,,,DoFollow,Directory,,100% FREE - Guaranteed dofollow backlink
AI Toolz Dir,https://www.aitoolzdir.com/submit,27,AI Tools,,,DoFollow,Directory,,100% FREE - DR 27 backlink confirmed
Best of Web,https://www.bestofweb.site/submit,22,Tools,,,DoFollow,Directory,,100% FREE - Easy and fast to submit
THANK JOHN,https://www.thankjohn.com/submit,18,Tools,,,DoFollow,Directory,,100% FREE basic listing + paid featured option
Startuplist.in,https://startuplist.in/submit,20,Startup,,,DoFollow,Directory,,100% FREE - SEO focused
AI Directory,https://aidirectory.com/submit-tool/,15,AI Tools,,,DoFollow,Directory,,100% FREE - $0 cost confirmed
AI Gems,https://aigems.net/submit,12,AI Tools,,,DoFollow,Directory,,100% FREE - $0 cost confirmed
Product Hunt,https://www.producthunt.com/,91,Product Launch,,,NoFollow,Launch Platform,,100% FREE - Launch Tuesday/Wednesday 12:01 AM PST
AlternativeTo,https://alternativeto.net/,90,Software Directory,,,DoFollow,Directory,,100% FREE - List as ChatGPT/DALL-E alternative
Hacker News,https://news.ycombinator.com/,94,Tech Community,,,NoFollow,Community,,100% FREE - Show HN post format
BetaList,https://betalist.com/submit,65,Startup Directory,,,DoFollow,Directory,,FREE basic listing + paid featured option
BetaPage,https://betapage.co/submit,42,Startup Directory,,,DoFollow,Directory,,100% FREE - Active startup community
Reddit - r/SideProject,https://www.reddit.com/r/SideProject/,96,Community,,,NoFollow,Social,,100% FREE - 400K+ members very supportive
Reddit - r/Entrepreneur,https://www.reddit.com/r/Entrepreneur/,96,Community,,,NoFollow,Social,,100% FREE - 3M+ members focus on growth story
Reddit - r/ArtificialIntelligence,https://www.reddit.com/r/ArtificialIntelligence/,96,Community,,,NoFollow,Social,,100% FREE - 500K+ members educational focus
Reddit - r/ChatGPT,https://www.reddit.com/r/ChatGPT/,96,Community,,,NoFollow,Social,,100% FREE - 3M+ members check rules first
Reddit - r/artificial,https://www.reddit.com/r/artificial/,96,Community,,,NoFollow,Social,,100% FREE - 1M+ members technical community
Spiff.store,http://spiff.store/submit,10,Tools,,,DoFollow,Directory,,100% FREE - Lower traffic
ToolScout,https://toolscout.ai/submit,25,AI Tools,,,DoFollow,Directory,,FREE basic listing (verify before submit)
AI Valley,https://www.aivalley.ai/submit-tool,20,AI Tools,,,DoFollow,Directory,,FREE (verify before submit - may have changed)
Launching Next,https://www.launchingnext.com/submit,28,Product Launch,,,DoFollow,Directory,,100% FREE - Product launch calendar
There's An AI For That (Monthly),https://twitter.com/theresanaifor,65,AI Tools,,,DoFollow,Directory,,FREE via monthly X thread - 1 winner selected OR $99 paid
